product_id,Summary,text,Aspect 1,Polarity 1,Aspect 2,Polarity 2,Aspect 3,Polarity 3
1,TART!,"The crust on these tarts are perfect. My husband loves these, but I'm not so crazy about them. They are just too sour/tart for my taste. I'll eat the crust and hubby takes my filling. My kids think they're great, so maybe it's just me.",crust,positive,taste,positive,,
2,Omaha Apple Tartlets,"These are absolutely scrumptuous! My husband and I both love them, however, as another customer put it, they are expensive to ship! The cost of shipping is more than the tartlets themselves are!",cost,negative,cost of shipping,negative,,
3,Loved these Tartlets,What a nice alternative to an apple pie. Love the fact there was no slicing and dicing. Easy to prepare. I also loved the fact that you can make them fresh whenever needed.,prepare,positive,,,,
4,The best,I like Creme Brulee. I loved that these were so easy. Just sprinkle on the sugar that came with and broil. They look amazing and taste great. My guess thought I really went out of the way for them when really it took all of 5 minutes. I will be ordering more!,taste,positive,,,,
5,disappointing,not what I was expecting in terms of the company's reputation for excellent home delivery products,delivery,negative,,,,
6,Asparagus Bliss,"I love asparagus. Up until very recently, I had never had pickled asparagus. Oh my goodness, when a friend introduced me to this exact brand, I couldn't believe how great stuff tasted. I loved it so much I bought the six pack. I've got 2 jars left. Gonna need more!!",tasted,positive,,,,
7,My Idea of a Good Diet Food.,"I'm presently on a diet and I was at my Fresh and Easy Neighborhood Grocery looking over possible diet foods. I wanted things that were tasty, non-fat and low in calories. I came home with about a dozen items. That's how I discovered the Tillen Farms Pickled Crispy Asparagus. Well, I've always liked asparagus anyway and I've enjoyed several brands of pickled asparagus. This Tillen Farms brand is really, really good! It's the best I can recall. There's an excellent flavor and a big clove of garlic down in the bottom of the jar which I'm looking forward to eating. I can't believe how good this asparagus tastes and right on the front it says ""only 60 calories per jar!"" Now this is my idea of a good diet food!<br /><br />Gary Peterson",flavour,positive,tastes,positive,,
8,Low Carb Angel Food Puffs,"I was diappointed in the flavor and texture of this mix. I usually like most of the Low Carb things I have tried, but was diappointed in this specific one.",flavour,negative,texture,,,
9,the best tea ever... freah bright clean,"this has to be one of the best teas I have ever tasted... it's clean, bright, fresh...<br /><br />great delivery...again quality... just try it...",tasted,positive,delivery,positive,,
10,Tea review,"I love, love this green tea. It is very hard to find in our area and some places on the internet charge a awful price and I usually don't get as many boxes as I did with this merchant. I will definitely order from this seller again!! Thanks!! I depend on my green tea fix everyday!",price,negative,,,,
11,Holistic select cat food,Our cats thrive extremely well on this dry cat food. They definitely have much less hair ball throw ups and their fur is great. They are fit and not over weight. This vendor ships extremely fast. Is one of the top Amazon suppliers in our book!,ships,positive,,,,
12,My favorite ramen,"I've been eating Ramen noodles since I was a little kid, and I've never found a better flavor than Hot & Spicy Chicken! It isn't hot at all to a chilihead like me, but it sure is good!",flavour,positive,,,,
13,Amazing to the last bite.,"Always being a fan of ramen as a quick and easy meal, finding it on amazon for a decent price and having it delivered to your door by the case is an amazing situation for anyone to find themselves in.",price,positive,,,,
14,Not for me,"I must be a bit of a wuss, because this soup tastes to me how I imagine fire might taste. Typically I like spicy food if it has a good flavor. I don't find this to be the case with this soup. Any flavor is killed off by the burn.",tastes,negative,flavour,negative,,
15,Great spicy flavor,I really loved the spicy flavor these had. I found myself liking the broth more than the noodles which is usually the opposite. If you aren't used to the heat this might bother you and if you like hot hot foods this might not be enough.,flavour,positive,,,,
16,Great value and convenient ramen,"Got these on sale for roughly 25 cents per cup, which is half the price of my local grocery stores, plus they rarely stock the spicy flavors. Hence the price was good. These things are a GREAT snack for my office where time is constantly crunched and sometimes you can't escape for a real meal. This is one of my favorite flavors of Instant Lunch and will be back to buy every time it goes on sale.",price,positive,flavours,positive,,
17,great flavor,i have bought allot of different flavors and this happens to be one of my favorites and will be getting more soon,flavours,positive,,,,
18,"Tastes great, but is cheaper locally.","I love this flavor of ramen! I don't eat other flavors anymore because they taste too bland by comparison. For the convenience of having it delivered to my home (I have prime, so I get it in two days and don't have to pay for the shipping), the price on amazon is great  but it is still cheaper to run down and pick up a case of this at the grocery store.",flavour,positive,taste,negative,price,positive
19,Simply the BEST!,"I keep trying other brands.... cheaper brands. Stupid me! This ginger IS soooo worth the money. Tender, moist and never a let down.",worth the money,positive,,,,
20,Nice snack,I bought this for our office to give people something sweet to snack on. Because it's bite size it's easier for people to grab a couple a pieces rather than an entire licorice stick. My only complaint is that one of the bags broke open in shipping.,shipping,negative,,,,
21,Good Licorice,Twizzlers brand licorice is much better than that other well known brand.<br />If you can get these for $2 to $2.50 a package with free s/h it's a good deal.<br />The black and cherry have good taste; but the strawberry taste was too delicate and barely there,deal,positive,taste,positive,,
22,I love these!!!!!!!!,"I love these.........very tasty!!!!!!!!!!! Infact, I think I am addicted to them.<br />Buying them in packs of 6 bags - is very reasonable than going to Target and getting a bag. Savings are about a $1.00 a bag. I use subscribe and save on these and several other product. I love subscribe and save!!!!!!!!!!!",tasty,positive,,,,
23,Great for the kids!,"If you are looking for a less messy version of licorice for the children, then be sure to try these! They're soft, easy to chew, and they don't get your hands all sticky and gross in the car, in the summer, at the beach, etc. We love all the flavos and sometimes mix these in with the chocolate to have a very nice snack! Great item, great price too, highly recommend!",flavos,positive,price,positive,,
24,Bite sized,"I might be mistaken, but it appears that the pieces in this bag were reduced in size. If they did do that, it was doubtlessly done to make it appear that the buyer got a better deal, having so many pieces after all. The problem is that the pieces have to be a certain size in order to have enough flavor for your eating experience. As it is, you have to use 2 or 3 pieces to match the old piece size; it is not the same.",size,negative,,,,
25,Sweet with a nice kick!,"Being a fan of Newman's Pineapple salsa for quite a while, I was looking for a comparable salsa. This is one of the best tasting salsas I've ever had. My daughters love it too. They don't like super chunky salsa and the Berry Mango has a nice smooth texture with small mango pieces. The salsa is not too sweet, just sweet enough and although it's mild, it has a nice little kick to it. At this awesome price, it's a steal!",tasting,positive,texture,positive,price,positive
26,BROKEN BOTTLE BOTTOMS!,"The SALSA smelled delicious, as I think it probably was - but, unfortunately, the person, at AMAZON, that is a packer (there is probably several) had very little ""stuffing"" to work with, especially on the bottoms. Therefore, the bottoms were broken on all three bottles. As I reached for my computer; I was told NO RETURNS (cause it's a food item). I then looked for a CUSTOMER SERVICE tag; and I found ""none"" on their NEW FACE LIFT. THEY SEEM TO BE PROUD OF THEIR NEW FACE LIFT BUT...THEY SHOULD AT LEAST HAVE A PLACE TO CONTACT THEM IN EMERGENCIES! LIKE: I BUY A LOT OF ""STUFF"" AND IT ALL COMES IN STYROFOAM BOXES. NEVER WOULD I SHIP THINGS<br />ESPECIALLY SALSA - IN A CARDBOARD BOX WITH JUST A STRIPE OF LARGE BUBBLE WRAP ON IT. NO MATTER HOW MUCH THE CARRIER (FED EX) IS CAREFUL, IT'S GOING TO BREAK SOMEWHERE ALONG THE LINE. ESPECIALLY IN AN ALL GLASS CONTAINER! BARBARA L. S.",smelled,positive,returns,negative,,
27,Love the salsa!!,This is one of the best salsas that I have found in a long time but stay away from the variety pack. The other two that come with it are not worth your money.,worth your money,negative,,,,
28,awesome cornmeal,"This is the best cornmeal. I made regular cornbread and hot water cornbread with this meal and both were outstanding. Also fried some oysters with this meal, it gave them a great texture and flovor.",texture,positive,flavour,negative,,
29,GREAT marinade!,"This is a fabulous marinade! I love to use it for chicken, either baked in the oven OR on the grill. This has enough flavor & flair, I've even used it for dinner parties, only to receive rave reviews from my guests!! DEFINITELY worth the price! Super cheap and super easy! Love it!",flavour,positive,flair,positive,price,positive
30,Awesome stuff,Works with chicken fish beef or pork. Fast easy and makes it taste excellent. Plus buying in bulk is more than 50% off from box stores,taste,positive,,,,
31,tastes good,Got this for my brother who is on Jorge Cruise diet and decided to try one for myself. It actually tastes pretty good.,tastes,positive,,,,
32,JELL-O,AWESOME!!! such a yummy flavor I got it as a healthy alternative to the desserts we normally eat and I am so glad that I did there are so many things you can do with Jello desserts and still have them taste good and be good for you. I will definitentally be purchasing this product again the flavor was so wonderful.,flavour,positive,taste,positive,,
33,Great flavor of Jell-o.,"I went to 4 grocery stores looking for this flavor of Jello for my green tomato jam recipe and finally found it here. This jello is wonderful! Evidently it's only carried in the stores during the summer but with harvest time in the Fall, I couldn't find it anywhere in town. This Jello tastes like watermelon and the jam recipe I made with it takes like watermelon jam! Great made as regular Jello too. Yummy!",flavour,positive,tastes,positive,,
35,Great tasting sea salt WITH iodine,What a deal this is the healthiest salt you can use. This box should last our family the year no problem. Iodized sea salt will not raise your blood pressure as regular salt will.,size,positive,,,,
36,Simple but good,I've never heard of the SAFCOL brand before but I was tired of only trying the typical pouches; Starkist and Chicken of the Sea. I was really surprised as I thought it was a bit better than the other brands and with less seasoning.,seasoning,positive,,,,
37,tasty!,"these are the best tasting tuna pack they make in my opinion - make a great on the go snack, and really satisfying with the tomato",satisfying,positive,,,,
38,Not the greatest tasting..,"I have always purchased Star-Kist tuna but thought I would try this brand for a change of pace. The taste of the tuna was not pleasant, too much basil and other spices for me.",taste,negative,,,,
39,Not Bad,"I'm not familiar with the Safcol brand but being a tuna addict, gave this a shot. The tuna tastes like it's good quality but I found the tomato basil flavor to be a bit bland. It's better than something plain but it didn't pack the punch I was hoping for. It's still a great option for a low calorie, low fat meal.",tastes,positive,flavour,negative,,
40,"Right size, taste","I found it much tastier than the plain tuna pouches out there. Excellent quality, and no need to 'dress it up'.<br /><br />I put it the micro on about 20% power for 1 minute and Shazam!<br /><br />I believe a little heating brings out the flavor.",tastier,positive,quality,positive,,
41,Tasteless but low calorie,Seriously this product was as tasteless as they come. There are much better tasting products out there but at 100 calories its better than a special k bar or cookie snack pack. You just have to season it or combine it with something else to share the flavor.,tasting,negative,,,,
42,This stuff is sooooo good!,"I read about pomegranate molasses so I had to try it! I haven't made anything with it yet, just eaten a little bit at a time but WOW is it decadent! It's dark, syrupy, sour, and a little sweet. A dab of this and I forget about dessert. It's just a really unique flavor with a pleasing metallic undertone. Yum!! I'm going to try making fesenjan next :-)",flavour,positive,,,,
43,Very Low quality,"I don't know how long these sat on the back of a shelf somewhere, but they were so old that they wouldn't cook. I had to throw half of them out, because the skins were damaged, a clear sign of dried beans past their prime. I can't even return these or ask for a refund, because food is not returnable. Will find a different brand to use. For now, I have about fifty servings of beans to throw away.",return,negative,,,,
44,Not Banana Runts,"Besides being smaller than runts, they look the same and have the same consistency. Unfortunately, they taste nothing like banana runts...nor do they even taste good. Yucky stuff. Trying to return with vendor.",taste,negative,,,,
45,Banana Heads Not Banana Runts,"The item over all was fine, but the Banana Heads are not just like Banana Runts they are alot smaller. Also when I received the item, the packaging was not great. The Banana Heads had come open during shipping and were all over the packing envelope.",packaging,negative,,,,
46,"Fluffy, Soft, Delicious and Sugary Sweet","I couldn't wait to try the 8&#8243; Cinnamon Coffee Cake because it is made with fresh eggs, creamy sour cream, Madagascar Bourbon Vanilla and is topped and filled with cinnamon streusel. This 8&#8243; Cinnamon Coffee Cake is available online for only $18.95. Now, I have had my fair share of cinnamon coffee cakes, but, let me just tell you that the FantasiCakes Cinnamon Coffee Cake really ""takes the cake"" with size, price, quality and taste.<br />The cake arrived very fast and was carefully packaged so that it arrived in almost perfect condition. It also comes with a large tub of white icing that you can drizzle over the top, before serving. I couldn't believe how large the size was and it actually fed my family of 5 for us to enjoy during breakfast, for three days. The cake itself is thick and almost has a solid but sponge cake type consistency that is really moist and very filling. The flavors are to die for with the sticky cinnamon outside and sweet cinnamon and vanilla swirled throughout the inside of the cake. The icing really tops it off beautifully and gives it that moist and sticky sweet flavor. Pair the cake with your morning coffee and you've got the perfect breakfast treat!",packaged,positive,size,positive,flavours,positive
47,Great but not as good as it was back in the day as a teen,I used to love these growing up and stopped drinking water and lemon juice from this brand about 5-6 years ago. This stuff used to be so strong i used to just pour some in my mouth and get that alive feeling going. It feels like the product went through changes which added more water or something to make it not so strong. The stronger it is the less you use as well. The product is still really good but the taste is the same quality as the cheaper brand names almost. I thought these would go fast but hey all lemon stuff i love unless it goes bad. This is a good product just wish it still had that hit me in the mouth chug sensation it used to be like.,taste,negative,,,,
48,EXCELLENT LEMON JUICE,"One of the best lemon juice that I have tried. I am recurring customer due to the high quality of this product. When the season for fresh lemos is out, this one supplement our need for the citrus on the kitchen or refreshments.<br /><br />I will continue buying it.",quality,positive,,,,
49,Great Product,This lemon juice is a must in my kitchen year-round. It has a powerful flavor and you don't need much of it to zest up a dish. I add a spritz of it to my water nearly every day.<br /><br />I will buy this product again and again.,flavour,positive,,,,
50,Handy,"Fast delivery and good product. This is the same lemon juice concentrate you can find in stores and it's really handy to have around to add to sauces, dressings, etc. Such a pain to squeeze fresh juice everytime you need it, nevermind having the lemons on hand to begin with.",delivery,positive,,,,
51,ReaLemon Juice from Amazon.,"This is not as good as the Frozen Lemon juice, but it is good. It has a slightly odd flavor, perhaps from a preservative. Sure wish I could order the frozen juice!",flavour,negative,,,,
52,Never paid that much !,I bought these at Grocery Outlet here in the Seattle Tacoma are for $4.00 a case of tweleve not paying $38.00 Yes 3 for a dollar. I like the taste not great but not bad either low calorie will buy more but not at this whacked out price.,price,negative,,,,
53,Marley's Mellow Mood Lite - Half Tea Half Lemonade,"This is an great product. The taste is great, and it works exactly as described. Superb natural sleep aid. AMAZING!",taste,positive,,,,
54,Great product to help you sleep,"WE have been looking for ""natural"" ways to help us sleep since we always seem to be overloaded with stress and a busy schedule. Yes, we'd probably be better served taking a yoga class, but this is a good second choice. This helps you fall asleep and stay asleep. I drank half the first night and that was plenty for me. After about 30 minutes, I was ready for bed! I woke up refreshed and with no sleepy-drug hangover, so that is a huge bonus.<br /><br />I gave the product 3 stars (instead of the 5 it deserves) as their packing job was marginal at best. The product arrived with 2 broken bottles, which at this price is a $6 loss! Hence the price is awful.The bottles are glass and all they did was wrap one layer of the small-bubbled bubble wrap around the case and placed it in a larger box with extra room to move around in that box. Big packing fail, but the product is awesome.",packing,positive,price,negative,,
55,Good Quality Dog Food,I have bought several of the Vitality canned dog food products and have found them all to be of good quality. The product looks more like a stew than a processed meat and it smells better. My Labrador is finicky and she appreciates this product better than most.,quality,positive,smells,positive,,
56,Not as Advertised,"Product arrived labeled as Jumbo Salted Peanuts...the peanuts were actually small sized unsalted. Not sure if this was an error or if the vendor intended to represent the product as ""Jumbo"".",size,negative,cost of shipping,negative,,
57,"""Delight"" says it all","This is a confection that has been around a few centuries. It is a light, pillowy citrus gelatin with nuts - in this case Filberts. And it is cut into tiny squares and then liberally coated with powdered sugar. And it is a tiny mouthful of heaven. Not too chewy, and very flavorful. I highly recommend this yummy treat. If you are familiar with the story of C.S. Lewis' ""The Lion, The Witch, and The Wardrobe"" - this is the treat that seduces Edmund into selling out his Brother and Sisters to the Witch.",flavorful,positive,chewy,positive,,
58,Cough Medicine,If you are looking for the secret ingredient in Robitussin I believe I have found it. I got this in addition to the Root Beer Extract I ordered (which was good) and made some cherry soda. The flavor is very medicinal.,flavour,positive,,,,
59,Great taffy,"Great taffy at a great price. There was a wide assortment of yummy taffy. Delivery was very quick. If your a taffy lover, this is a deal.",delivery,positive,price,positive,,
60,Nice Taffy,"I got a wild hair for taffy and ordered this five pound bag. The taffy was all very enjoyable with many flavors: watermelon, root beer, melon, peppermint, grape, etc. My only complaint is there was a bit too much red/black licorice-flavored pieces (just not my particular favorites). Between me, my kids, and my husband, this lasted only two weeks! I would recommend this brand of taffy -- it was a delightful treat.",flavors,positive,,,,
61,Great! Just as good as the expensive brands!,"This saltwater taffy had great flavors and was very soft and chewy. Each candy was individually wrapped well. None of the candies were stuck together, which did happen in the expensive version, Fralinger's. Would highly recommend this candy! I served it at a beach-themed party and everyone loved it!",flavors,positive,chewy,positive,wrapped,positive
62,"Wonderful, tasty taffy",This taffy is so good. It is very soft and chewy. The flavors are amazing. I would definitely recommend you buying it. Very satisfying!!,flavors,positive,chewy,positive,,
63,Home delivered twizlers,Candy was delivered very fast and was purchased at a reasonable price. I was home bound and unable to get to a store so this was perfect for me.,delivered,positive,price,positive,,
64,Always fresh,"My husband is a Twizzlers addict. We've bought these many times from Amazon because we're government employees living overseas and can't get them in the country we are assigned to. They've always been fresh and tasty, packed well and arrive in a timely manner.",tasty,positive,packed,positive,,
65,Delicious product!,I can remember buying this candy as a kid and the quality hasn't dropped in all these years. Still a superb product you won't be disappointed with.,quality,positive,,,,
66,Nasty No flavor,"The candy is just red , No flavor . Just plan and chewy . I would never buy them again",flavor,negative,chewy,negative,,
67,Great Bargain for the Price,I was so glad Amazon carried these batteries. I have a hard time finding them elsewhere because they are such a unique size. I need them for my garage door opener.<br />Great deal for the price.,size,neutral,price,positive,,
68,THIS IS MY TASTE...,"This offer is a great price and a great taste, thanks Amazon for selling this product.<br /><br />Staral",price,positive,taste,positive,,
69,Love Gluten Free Oatmeal!!!,"For those of us with celiac disease this product is a lifesaver and what could be better than getting it at almost half the price of the grocery or health food store! So the price was awesome.  love McCann's instant oatmeal - all flavors!!!<br /><br />Thanks,<br />Abby",flavors,positive,price,positive,,
71,Food-Great,I have McCann's Oatmeal every morning and by ordering it from Amazon I am able to save almost $3.00 per box.<br />It is a great product. Tastes great and very healthy,tastes,positive,,,,
72,Good Hot Breakfast,"McCann's Oatmeal is a good quality choice. Our favorite is the Apples and Cinnamon, but we find that none of these are overly sugary. For a good hot breakfast in 2 minutes, this is excellent.",quality,positive,,,,
73,Hearty Oatmeal,"This seems a little more wholesome than some of the supermarket brands, but it is somewhat mushy and doesn't have quite as much flavor either. It didn't pass muster with my kids, so I probably won't buy it again.",flavor,negative,,,,
74,Mushy,"The flavors are good. However, I do not see any differce between this and Oaker Oats brand - they are both mushy.",flavors,positive,,,,
75,Our guests love it!,"We roast these in a large cast iron pan on the grill (about 1/3 of the bag at a time). The smell is wonderful and the roasted beans taste delicious too. More importantly, the coffee is smooth; no bitter aftertaste. On numerous occasions, we've had to send the roasted beans home with friends because they like it so much.",smell,positive,taste,positive,aftertaste,positive
76,Awsome - Kids in neighborhood loved us!,"Great product, nice combination of chocolates and perfect size! The bags had plenty, and they were shipped promptly. The kids in the neighborhood liked our candies!",size,positive,shipped,positive,,
77,great source of electrolytes,This product serves me well as a source of electrolytes during and after a long run or bike ride.<br />I have tried all of the flavors but really do like the grapefruit flavor... no after-taste and I actually like the slight carbonation.<br />I use other Hammer products and really like their whole product line.,after-taste,positive,serves,positive,flavor,positive
78,How much would you pay for a bag of chocolate pretzels?,"If you're impulsive like me, then $6 is ok. Don't get me wrong, the quality of these babies is very good and I have no complaints. But in retrospect, the price is a little ridiculous (esp. when you add on the shipping).",quality,positive,price,negative,shipping,neutral
79,Great Gummi!,"These Albanese gummi bears and rings and so on are very good and tasty and high quality. The bears even have little faces. At my local candy store this type of gummi stuff (bears, rings, snakes, balls, worms, whatever) are about $10/lb. These twin packs of 4.5 or 5 pound bags is a screaming deal as far as I'm concerned. I'm probably 50 pounds deep in these friggin' things. Consumed!",quality,positive,,,,
80,No Tea Flavor,No tea flavor at all. Just whole brunch of artifial flavors. It is not returnable. I wasted 20+ bucks.,flavour,negative,not returnable,negative,,
81,Order only in cold weather,"The taste was great, but the berries had melted. May order again in winter. If you order in cold weather you should enjoy flavor.",taste,positive,flavor,positive,,
82,Mmmmm Mmmmm good.,This food is great - all ages dogs. I have a 3 year old and a puppy. They are both so soft and hardly ever get sick. The food is good especially when you have Amazon Prime shipping :),shipping,positive,,,,
83,So convenient,This is the same food we get at pet store. But it's delivered to my door! And for the same price or slightly less. So the price was reasonable.,price,positive,delivered,positive,,
84,The Best,"I have tried other energy shots and this one is the only one that really makes me feel good and energized without any other sides effects at all, its also the best taste, others taste like medicine, this one has a tea fresh taste. I love it.",taste,positive,,,,
85,Tested by a trucker,I drive OTR...Over the Road truck and this helps to keep me alert. It has no sugar high & no crash. I'm on a autoship which i like. The price is very good. I've seen it over 2 bucks in the store.,price,positive,,,,
86,"Flavor getting better, energy is great","I've been buying and drinking this for over a year now, and the energy boost is excellent, with a continuous, ~6-hour effect. The most recent shipments seem to have improved the flavor slightly as well, or perhaps I'm getting more used to it. I don't drink it for the flavor, but it's not as heinous as the fake flavors found in the other, non-organic energy shots.",flavor,positive,,,,
87,Fantastic!,"This tri-color couscous is really good...full of flavor and fun to eat. I love the texture. I cook in chicken broth and add some minced garlic and chopped herbs (parsley, cilantro,) along with some red pepper flakes. At the end of cooking, I add some olive oil and this makes a wonderful side dish...Highly recommend",flavor,positive,texture,positive,,
88,Very Good Coffee,"I love ordering whole bean coffee on Amazon. I like this so much that this my first product review. I have to say that I'm usually not a big fan of flavored coffee, but I thought I would give it a try. When my husband started grinding it up, I could smell it throughout the house. Sometimes with flavored coffees, the smell is there but the taste isn't. However, not with this one. I'm now going to order another flavor from this company and will give it a try.",flavored coffee,neutral,smell,positive,taste,positive
89,Very Tasty,"I love this coffee. I do wish it came already ground as I don't have a grinder and use a blender instead. But it's worth it. Many flavored coffees I've tried only seem to have a flavored odor that doesn't reach the coffee, but this one manages both.",flavored coffees,positive,odor,positive,,
90,Swiss Chalet,"service was great, but I meant to buy Swiss Chalet chicken SAUCE not the Marinade :)<br /><br />Love the sauce - have yet to try the marinade",service,positive,,,,
91,Oyster Sauce,"Use frequently as we like to do Asian dishes at least once a week. Love this product. Fast shipping, as usual. Would buy again.",shipping,positive,,,,
92,Penguin Pooper,Toy was typical quality I expected. I got taken for a major ride on the shipping!,quality,negative,shipping,negative,,
93,Shipped great,"Even though we are International Delight fans we were not completely dissapointed by this product. We had no problem with the shipment, but the creamer itself is thinner than International Delight. Other than that we are happy :D",shipment,positive,creamer,negative,,
94,coffee-mate creamer,"This seller is very nice. And the price is very good. The only reason I stop ording is bacause I went to sugar free, and at that time he did not have it. But for those of you that don't have to watch there fat in take, I would get this product from them.",price,positive,,,,
95,AWFUL,"I received the items in a timely manner. Upon receipt, I removed a pack to consume. The pop-tart was STALE and left an awful taste in my mouth.",taste,negative,,,,
96,Does not taste very good,"Taste like it is stale. Will not order this again. I had this coffee at a 50th year annerversery at a reception hall and had to have it. This stuff tasted NOTHING, like the Douwe Egberts at the hall. This is possibly stale coffee.",taste,negative,,,,
97,No no,"Serveice delivery with the seller was excellent. The product was not. Will not order again. Bad taste. Iam not sure if it was old or that how it tastes. I throw it right away, i coudl not drink it.",delivery,positive,taste,negative,,
98,Toasted Sesame oil,"The order arrived as advertised. I have had only a few chances to use it, but it is awesome. The flavor is exactly what I hoped for! It may take me a while to finish the entire gallon, but I will definnantly order again!",flavor,positive,,,,
99,"Tasty, tasty tasty!","I like a lot of sesame oil and use it in salads regularly. Great quality, flavor and aroma. Can't beat that its organic!",quality,positive,flavor,positive,aroma,positive
100,Love Love Love,"Popchips are so good. I have been following Weight Watchers and lost 50 pounds and am at my goal. These Popchips are my salty crunchy indulgence. They taste so good,",taste,positive,,,,
101,The product is great but the price is out of line,"I've purchased dozens of bags of this pancake mix (which is a great product, by the way). This is the worst price I've seen. Whole Foods carries this item and it's been on sale there for $9.99 (that's Canadian dollars, too, as I'm in Canada). It's even cheaper on Baker's Box's own website, and they're the company selling this product through Amazon. For a two-pack they should be charging $20 or less. What gives? I thought Amazon was where you could find competitive prices.",price,negative,,,,
102,great taste,This is what I was looking for and was missing it. The taste is exactly the taste as the one made in India so just loved it and remember my days back in India. Definitely recommend it.,taste,positive,,,,
103,Make My Day,"Having always been a strict Peet's Coffee lover, I was reticent to switch brands but Weaver's won my heart!! The taste is clean and strong, the ethos is correct (organic, baby) and even the packaging is very zen and appropriate. Be still my caffeinated heart!",taste,positive,,,,
